-- phpMyAdmin SQL Dump
-- version 5.2.1
-- https://www.phpmyadmin.net/
--
-- Host: 127.0.0.1
-- Generation Time: Jun 30, 2023 at 09:55 AM
-- Server version: 10.4.28-MariaDB
-- PHP Version: 8.2.4

SET SQL_MODE = "NO_AUTO_VALUE_ON_ZERO";
START TRANSACTION;
SET time_zone = "+00:00";


/*!40101 SET @OLD_CHARACTER_SET_CLIENT=@@CHARACTER_SET_CLIENT */;
/*!40101 SET @OLD_CHARACTER_SET_RESULTS=@@CHARACTER_SET_RESULTS */;
/*!40101 SET @OLD_COLLATION_CONNECTION=@@COLLATION_CONNECTION */;
/*!40101 SET NAMES utf8mb4 */;

--
-- Database: `u486700931_icp`
--

-- --------------------------------------------------------

--
-- Table structure for table `advisor`
--

CREATE TABLE `advisor` (
  `advisor_id` int(11) NOT NULL,
  `advisor_name` varchar(200) NOT NULL,
  `advisor_email` varchar(200) NOT NULL,
  `advisor_password` varchar(200) NOT NULL
) ENGINE=InnoDB DEFAULT CHARSET=utf8 COLLATE=utf8_general_ci;

--
-- Dumping data for table `advisor`
--

INSERT INTO `advisor` (`advisor_id`, `advisor_name`, `advisor_email`, `advisor_password`) VALUES
(1, 'ดารา สง่า', 'dara@mju.ac.th', '12345'),
(3, 'พอใจ พอดี', 'powdee@mju.ac.th', '12345');

-- --------------------------------------------------------

--
-- Table structure for table `career`
--

CREATE TABLE `career` (
  `career_id` int(11) NOT NULL,
  `member_id` int(11) DEFAULT NULL,
  `career_name` varchar(500) DEFAULT NULL,
  `career_group_id` int(11) NOT NULL
) ENGINE=InnoDB DEFAULT CHARSET=utf8 COLLATE=utf8_general_ci;

--
-- Dumping data for table `career`
--

INSERT INTO `career` (`career_id`, `member_id`, `career_name`, `career_group_id`) VALUES
(1, 1, 'นักวิทยาการคอมพิวเตอร์', 0),
(2, 3, 'นักการบัญชี', 0),
(5, 1, 'นักการตลาด', 0),
(6, 5, 'นักเทคโนโลยีสารสนเทศ', 0),
(12, 9, 'นักกลยุทธ์', 0),
(13, 17, 'นักธุรกิจ', 0),
(14, NULL, 'เลขานุการต่างประเทศ', 4),
(15, NULL, 'นักการบัญชี', 2),
(16, NULL, 'วิทยากร', 12),
(17, NULL, 'ดารา', 3),
(18, NULL, 'นักทรัพยากรฝ่ายบุคคล', 4),
(19, NULL, 'นักบัญชี การเงิน', 2),
(20, NULL, 'พนักงานธนาคาร', 2),
(21, NULL, 'HR', 0),
(22, NULL, 'แพทย์', 9),
(23, NULL, 'พยาบาล', 9),
(24, NULL, 'HR', 0),
(25, NULL, 'HR', 4),
(26, NULL, 'HR', 0),
(27, NULL, 'แอดมิน', 4),
(28, NULL, 'โปรแกรมเมอร์', 7),
(29, NULL, 'นักธุรกิจ', 13),
(30, NULL, 'HR', 4),
(31, NULL, 'นักดนตรี', 3),
(32, NULL, 'นักกีฬา', 3),
(33, NULL, 'ทหาร', 5),
(34, NULL, 'นักการเมือง', 5),
(35, NULL, 'พนักงานราชการ', 12),
(36, NULL, 'พนักงานราชการ', 12),
(37, NULL, 'นักแปลภาษา', 13),
(38, NULL, 'นักพัฒนาสังคม', 5),
(59, NULL, 'นักพัฒนากร', 5),
(67, NULL, 'พนักงานราชการ', 5),
(69, NULL, 'นักแสดง1', 3);

-- --------------------------------------------------------

--
-- Table structure for table `career_group`
--

CREATE TABLE `career_group` (
  `career_group_id` int(11) NOT NULL,
  `ca_group_name` varchar(200) NOT NULL,
  `ca_group_description` varchar(200) NOT NULL
) ENGINE=InnoDB DEFAULT CHARSET=utf8 COLLATE=utf8_general_ci;

--
-- Dumping data for table `career_group`
--

INSERT INTO `career_group` (`career_group_id`, `ca_group_name`, `ca_group_description`) VALUES
(1, 'เกษตรกรรม/ประมง', ''),
(2, 'การเงิน/บัญชี/ธนาคาร', ''),
(3, 'บันเทิง/ศิลปะ/ดนตรี/กีฬา', ''),
(4, 'HR/ธุรการ/เลขานุการ/งานoperation', ''),
(5, 'กฏหมาย/นิติกร/ทนายความ/ข้าราชการ/พลเรือน', ''),
(6, 'การตลาด/PR/งานขาย/marketing', ''),
(7, 'งาน IT', ''),
(8, 'อุตสาหกรรมขนส่ง/RD/shipping/logistic', ''),
(9, 'การแพทย์/สุขภาพ/ความงาม/สาธารณสุข', ''),
(10, 'การท่องเที่ยว/โรงแรม/เดินทาง/งานทัวร์', ''),
(11, 'สถาปัตย์/งานออกแบบ/โครงสร้าง/งานช่าง/งานตกแต่ง', ''),
(12, 'ครู/อาจารย์/นักวิชาการ/งานวิจัย', ''),
(13, 'ธุรกิจ/อาชีพอิสระ/e-commerce', '');

-- --------------------------------------------------------

--
-- Table structure for table `degree`
--

CREATE TABLE `degree` (
  `degree_id` int(11) NOT NULL,
  `faculty_id` int(11) NOT NULL,
  `degree_name` varchar(500) NOT NULL,
  `degree_description` varchar(1000) NOT NULL
) ENGINE=InnoDB DEFAULT CHARSET=utf8 COLLATE=utf8_general_ci;

--
-- Dumping data for table `degree`
--

INSERT INTO `degree` (`degree_id`, `faculty_id`, `degree_name`, `degree_description`) VALUES
(1, 1, 'ปริญญาตรี', ''),
(2, 1, 'ปริญญาโท', ''),
(5, 2, 'ปริญญาตรี', ''),
(6, 2, 'ปริญญาโท', ''),
(9, 1, 'การศึกษาระดับ ประกาศนียบัตรวิชาชีพ (ปวช.)', ''),
(10, 2, 'ประกาศนียบัตรวิชาชีพชั้นสูง(ปวส.)', ''),
(13, 2, 'อนุปริญญา', ''),
(14, 9, 'ปริญญาตรี', ''),
(15, 11, 'ปริญญาตรี', ''),
(16, 10, 'ปริญญาตรี', ''),
(17, 12, 'ปริญญาตรี', ''),
(18, 25, 'ปริญญาตรี', ''),
(19, 28, 'ปริญญาตรี', ''),
(20, 31, 'ปริญญาตรี', ''),
(21, 30, 'ปริญญาตรี', ''),
(22, 43, 'ปริญญาตรี', ''),
(23, 5, 'ปริญญาตรี', ''),
(24, 32, 'ปริญญาตรี', ''),
(25, 35, 'ปริญญาตรี', ''),
(26, 34, 'ปริญญาตรี', ''),
(27, 36, 'ปริญญาตรี', ''),
(28, 38, 'ปริญญาตรี', ''),
(29, 47, 'ปริญญาตรี', ''),
(30, 22, 'ปริญญาตรี', ''),
(31, 48, 'ปริญญาตรี', ''),
(32, 26, 'ปริญญาตรี', ''),
(33, 44, 'ปริญญาตรี', ''),
(34, 14, 'ปริญญาตรี', ''),
(35, 15, 'ปริญญาตรี', ''),
(36, 20, 'ปริญญาตรี', ''),
(37, 29, 'ปริญญาตรี', ''),
(38, 51, 'ปริญญาตรี', ''),
(39, 21, 'ปริญญาตรี', ''),
(40, 52, 'ปริญญาตรี', ''),
(41, 45, 'ปริญญาตรี', ''),
(42, 53, 'ปริญญาตรี', ''),
(43, 18, 'ปริญญาตรี', ''),
(44, 19, 'ปริญญาตรี', ''),
(45, 37, 'ปริญญาตรี', ''),
(46, 16, 'ปริญญาตรี', ''),
(47, 41, 'ปริญญาตรี', ''),
(48, 42, 'ปริญญาตรี', ''),
(49, 24, 'ปริญญาตรี', ''),
(50, 23, 'ปริญญาตรี', ''),
(51, 46, 'ปริญญาตรี', ''),
(52, 49, 'ปริญญาตรี', ''),
(53, 50, 'ปริญญาตรี', ''),
(54, 33, 'ปริญญาตรี', ''),
(55, 55, 'ปริญญาตรี', ''),
(56, 56, 'ปริญญาตรี', ''),
(57, 58, 'ปริญญาตรี', ''),
(58, 59, 'ปริญญาตรี', ''),
(59, 60, 'ปริญญาตรี', ''),
(60, 61, 'ปริญญาตรี', '');

-- --------------------------------------------------------

--
-- Table structure for table `department`
--

CREATE TABLE `department` (
  `department_id` int(11) NOT NULL,
  `degree_id` int(11) NOT NULL,
  `department_name` varchar(500) NOT NULL,
  `department_description` varchar(1000) NOT NULL
) ENGINE=InnoDB DEFAULT CHARSET=utf8 COLLATE=utf8_general_ci;

--
-- Dumping data for table `department`
--

INSERT INTO `department` (`department_id`, `degree_id`, `department_name`, `department_description`) VALUES
(1, 1, 'วิทยาการคอมพิวเตอร์', ''),
(2, 2, 'วิทยาการข้อมูล', ''),
(5, 5, 'สารสนเทศและการสื่อสาร', ''),
(6, 6, 'การสื่อสารข้อมูล', ''),
(9, 14, 'วิทยาศาสตร์และเทคโนโลยีการอาหาร', ''),
(10, 17, 'การแพทย์แผนจีนโบราณ', ''),
(11, 17, 'การผ่าตัดโรคมะเร็งระยะสุดท้าย', ''),
(12, 24, 'สังคมวิทยาและมานุษยวิทยา', ''),
(13, 54, 'วิชาการจัดการโลจิสติกส์และโซ่อุปทาน', ''),
(22, 56, 'การจัดการธุรกิจ', ''),
(23, 56, 'การบัญชีธุรกิจ', ''),
(24, 56, 'การสื่อสารนวัตกรรม', ''),
(25, 56, 'การสื่อสารดิจิตอล', ''),
(29, 45, 'วิทยาการคอมพิวเตอร์', ''),
(38, 25, 'การศึกษาพิเศษ', ''),
(42, 27, 'ภาพพิมพ์', ''),
(45, 0, 'วิทยาศาสตร์เครื่องสำอาง', ''),
(46, 22, 'โทรคมนาคม', ''),
(47, 22, 'เกษตรและอาหาร', ''),
(48, 26, 'วิทยาศาสตร์เครื่องสำอาง', ''),
(49, 43, 'สารสนเทศศาสตร์และบรรณารักษ์ศาสตร์', ''),
(50, 47, 'การศึกษาพิเศษ', ''),
(51, 39, 'ภาษาจีนธุรกิจ', ''),
(52, 48, 'การศึกษาปฐมวัย', ''),
(54, 51, 'การศึกษาพิเศษและภาษาไทย', ''),
(56, 31, 'การจัดการปกครองท้องถิ่น', ''),
(58, 34, 'วารสารศาสตร์', ''),
(59, 52, 'การบริหารการจัดการท้องถิ่นและการบริหารการพัฒนา', ''),
(60, 34, 'ภาพยนต์และภาพถ่าย', ''),
(61, 53, 'รัฐประศาสนศาสตร์', ''),
(63, 36, 'การวิจัยทางสังคม', ''),
(65, 58, 'ศิลปศึกษา', ''),
(66, 46, 'พัฒนาสังคม', ''),
(67, 38, 'ความสัมพันธ์ระหว่างประเทศ', ''),
(68, 40, 'สังคมวิทยาและมานุษยวิทยา', ''),
(69, 59, 'รัฐประศาสนศาสตร์', ''),
(71, 53, 'สารสนเทศศาสตร์และบรรณารักษ์ศาสตร์', ''),
(72, 44, 'ภาษาไทย', ''),
(73, 30, 'ภาษาอังกฤษธุรกิจ', ''),
(75, 50, 'ปรัชญา ศาสนา และวัฒนธรรม', ''),
(76, 49, 'ภาษาไทย', ''),
(77, 18, 'การตลาด', ''),
(78, 60, 'คหกรรมศาสตร์', ''),
(80, 32, 'สังคมศึกษา', ''),
(81, 42, 'คหกรรมศาสตร์', ''),
(82, 30, 'ภาษาไทย', ''),
(83, 28, 'ภาษาไทย', ''),
(85, 19, 'จิตวิทยาชุมชน', ''),
(86, 41, 'วิศวกรรมซอฟต์แวร์', ''),
(87, 47, 'ภาษาไทย', ''),
(89, 1, 'การสื่อสารภาครัฐ', ''),
(90, 1, 'การสื่อสารภาคเอกชน', ''),
(91, 1, 'การสื่อสารภาคการท่องเที่ยว', ''),
(92, 1, 'การสื่อสารภาคการสาธารณสุข', ''),
(93, 2, 'การสื่อสารมวลชนสัมพันธ์', ''),
(94, 2, 'การสื่อสารระหว่างประเทศ', ''),
(95, 2, 'การสื่อสารข้ามอารยธรรม', ''),
(96, 57, 'การจัดการเทคโนโลยีสารสนเทศ', ''),
(97, 57, 'การจัดการเทคโนโลยีทางด้านการบัญชี', ''),
(98, 57, 'การจัดการเทคโนโลยีทางด้านการตลาดสมัยใหม่', '');

-- --------------------------------------------------------

--
-- Table structure for table `development`
--

CREATE TABLE `development` (
  `development_id` int(11) NOT NULL,
  `development_name` varchar(500) NOT NULL,
  `development_description` varchar(1000) NOT NULL
) ENGINE=InnoDB DEFAULT CHARSET=utf8 COLLATE=utf8_general_ci;

--
-- Dumping data for table `development`
--

INSERT INTO `development` (`development_id`, `development_name`, `development_description`) VALUES
(1, 'เรียนรู้', 'Learning'),
(2, 'ฝึกปฏิบัติ', 'Doing');

-- --------------------------------------------------------

--
-- Table structure for table `disability`
--

CREATE TABLE `disability` (
  `disability_id` int(11) NOT NULL,
  `disability_name` varchar(500) NOT NULL,
  `disability_description` varchar(1000) NOT NULL
) ENGINE=InnoDB DEFAULT CHARSET=utf8 COLLATE=utf8_general_ci;

--
-- Dumping data for table `disability`
--

INSERT INTO `disability` (`disability_id`, `disability_name`, `disability_description`) VALUES
(1, 'การเห็น', ''),
(2, 'การได้ยิน', ''),
(7, 'ทางสติปัญญา', ''),
(8, 'ทางร่างกาย หรือการเคลื่อนไหว หรือสุขภาพ', ''),
(11, 'ทางการเรียนรู้', ''),
(12, 'ทางการพูด และภาษา', ''),
(16, 'ทางพฤติกรรม หรืออารมณ์', ''),
(18, 'ออทิสติก', ''),
(19, 'พิการซ้อน', ''),
(23, 'พิการซ้ำซ้อนทดสอบ', ''),
(24, 'ไม่พิการ', '');

-- --------------------------------------------------------

--
-- Table structure for table `faculty`
--

CREATE TABLE `faculty` (
  `faculty_id` int(11) NOT NULL,
  `institute_id` int(11) NOT NULL,
  `faculty_name` varchar(500) NOT NULL,
  `faculty_description` varchar(1000) NOT NULL
) ENGINE=InnoDB DEFAULT CHARSET=utf8 COLLATE=utf8_general_ci;

--
-- Dumping data for table `faculty`
--

INSERT INTO `faculty` (`faculty_id`, `institute_id`, `faculty_name`, `faculty_description`) VALUES
(1, 1, 'วิทยาศาสตร์', ''),
(2, 2, 'วิทยาศาสตร์', ''),
(5, 3, 'สารสนเทศและการสื่อสาร', ''),
(6, 4, 'เทคโนโลยีสารสนเทศ', ''),
(9, 3, 'อุตสาหกรรมเกษตร', ''),
(10, 12, 'สำนักวิชาอุตสาหกรรมเกษตร', ''),
(11, 11, 'ศิลปศาสตร์', ''),
(12, 10, 'วิทยาศาสตร์การแพทย์', ''),
(14, 11, 'วารสารศาสตร์และสื่อสารมวลชน', ''),
(15, 11, 'สังคมสงเคราะห์ศาสตร์', ''),
(16, 14, 'มนุษยศาสตร์และสังคมศาสตร์ ', ''),
(17, 20, 'รัฐศาสตร์และรัฐประศาสนศาสตร์ ', ''),
(18, 13, 'มนุษย์ศาสตร์และสังคมศาสตร์ ', ''),
(19, 13, 'ครุศาสตร์', ''),
(20, 11, 'สังคมวิทยาและมานุษยวิทยา', ''),
(21, 12, 'สำนักจีนวิทยา', ''),
(22, 5, 'มนุษยศาสตร์และสังคมศาสตร์ ', ''),
(23, 17, 'มนุษยศาสตร์และสังคมศาสตร์ ', ''),
(24, 16, 'มนุษยศาสตร์และสังคมศาสตร์ ', ''),
(25, 18, 'บริหารธุรกิจ', ''),
(26, 5, 'ครุศาสตร์', ''),
(27, 19, 'บริหารธุรกิจระหว่างประเทศ', ''),
(28, 21, 'สังคมศาสตร์ ', ''),
(29, 11, 'นิติศาสตร์', ''),
(30, 22, 'ภาษาอังกฤษธุรกิจ', ''),
(31, 21, 'มนุษยศาสตร์', ''),
(32, 3, 'สังคมศาสตร์', ''),
(33, 23, 'โลจิสติกส์', ''),
(34, 25, 'เภสัชศาสตร์', ''),
(35, 3, 'ศึกษาศาสตร์', ''),
(36, 3, 'วิจิตรศิลป์', ''),
(37, 13, 'เทคโนโลยีสารสนเทศ', ''),
(38, 3, 'มนุษยศาสตร์', ''),
(41, 33, 'ครุศาสตร์', ''),
(42, 14, 'ครุศาสตร์', ''),
(43, 24, 'สำนักวิชาวิศกรรมศาสตร์', ''),
(45, 12, 'สำนักวิชาเทคโนโลยีสารสนเทศ', ''),
(46, 17, 'ครุศาสตร์', ''),
(47, 26, 'คอมพิวเตอร์ธุรกิจ', ''),
(48, 27, 'วิทยาลัยการปกครองท้องถิ่น ', ''),
(49, 17, 'รัฐศาสตร์และรัฐประศาสนศาสตร์', ''),
(50, 15, 'มนุษยศาสตร์และสังคมศาสตร์', ''),
(51, 29, 'สังคมศาสตร์', ''),
(52, 30, 'มนุษยศาสตร์และสังคมศาสตร์', ''),
(53, 31, 'โรงเรียนการเรือน', ''),
(54, 32, 'เทคโนโลยีสารสนเทศ', ''),
(55, 29, 'วิทยาศาสตร์', ''),
(56, 1, 'คณะศิลปศาสตร์', ''),
(57, 0, 'บริหารธุรกิจ', ''),
(58, 1, 'บริหารธุรกิจ', ''),
(59, 15, 'ครุศาสตร์', ''),
(60, 3, 'รัฐศาสตร์และรัฐประศาสนศาสตร์', ''),
(61, 28, 'วิทยาศาสตร์และเทคโนโลยี', '');

-- --------------------------------------------------------

--
-- Table structure for table `frequency`
--

CREATE TABLE `frequency` (
  `frequency_id` int(11) NOT NULL,
  `frequency_name` varchar(100) NOT NULL,
  `frequency_value` int(11) NOT NULL
) ENGINE=InnoDB DEFAULT CHARSET=utf8 COLLATE=utf8_general_ci;

--
-- Dumping data for table `frequency`
--

INSERT INTO `frequency` (`frequency_id`, `frequency_name`, `frequency_value`) VALUES
(1, 'วัน', 1),
(2, 'สัปดาห์', 7),
(3, 'เดือน', 30);

-- --------------------------------------------------------

--
-- Table structure for table `importance`
--

CREATE TABLE `importance` (
  `importance_id` int(11) NOT NULL,
  `importance_name` varchar(500) NOT NULL,
  `importance_value` int(11) NOT NULL
) ENGINE=InnoDB DEFAULT CHARSET=utf8 COLLATE=utf8_general_ci;

--
-- Dumping data for table `importance`
--

INSERT INTO `importance` (`importance_id`, `importance_name`, `importance_value`) VALUES
(1, 'มาก', 3),
(2, 'ปานกลาง', 2),
(3, 'น้อย', 1);

-- --------------------------------------------------------

--
-- Table structure for table `individual`
--

CREATE TABLE `individual` (
  `individual_id` int(11) NOT NULL,
  `member_id` int(11) DEFAULT NULL,
  `is_graduate` int(11) NOT NULL,
  `year` varchar(45) DEFAULT NULL,
  `date` varchar(45) DEFAULT NULL,
  `department_id` int(11) DEFAULT NULL,
  `disability_id` int(11) DEFAULT NULL,
  `is_disability` int(11) NOT NULL,
  `dis_description` varchar(500) DEFAULT NULL,
  `birthday` varchar(100) DEFAULT NULL,
  `project_id` int(11) DEFAULT NULL,
  `advisor_id` int(11) NOT NULL,
  `telephone` varchar(45) DEFAULT NULL
) ENGINE=InnoDB DEFAULT CHARSET=utf8 COLLATE=utf8_general_ci;

--
-- Dumping data for table `individual`
--

INSERT INTO `individual` (`individual_id`, `member_id`, `is_graduate`, `year`, `date`, `department_id`, `disability_id`, `is_disability`, `dis_description`, `birthday`, `project_id`, `advisor_id`, `telephone`) VALUES
(54, 9, 1, '', '2555', 1, 2, 1, 'หูไม่ได้ยิน', '14-09-2022', 1, 0, '(22)22-222-222'),
(55, 9, 0, '2', '####', 2, 2, 1, 'หูไม่ได้ยิน', '14-09-2022', 1, 0, '(22)22-222-222'),
(56, 11, 1, '', '2540', 1, 0, 0, '', '', 0, 0, ''),
(57, 11, 1, '', '', 0, 0, 0, '', '', 0, 0, ''),
(58, 16, 1, '', '2564', 0, 8, 1, '', '', 1, 0, ''),
(59, 34, 1, '', '2565', 1, 2, 1, 'ทดสอบการได้ยิน', '2523', 6, 9, '( 06 ) 23 - 105 - 283'),
(60, 0, 1, '', '1996', 0, 0, 0, '', '1972', 1, 0, '( 08 ) 17 - 216 - 495'),
(61, 0, 1, '', '1996', 0, 0, 0, '', '1972', 1, 0, '( 08 ) 17 - 216 - 495'),
(62, 0, 1, '', '1996', 9, 0, 0, '', '1972', 1, 9, '( 08 ) 17 - 216 - 495'),
(63, 0, 1, '', '1996', 9, 0, 0, '', '1972', 1, 9, '( 08 ) 17 - 216 - 495'),
(64, 0, 1, '', '1996', 9, 0, 0, '', '1972', 1, 9, '( 08 ) 17 - 216 - 495'),
(65, 39, 0, '2', '', 0, 0, 1, '', '2542', 0, 15, '( 06 ) 12 - 976 - 675'),
(66, 40, 0, '2', '', 0, 0, 0, '', '2000', 14, 9, '( 08 ) 11 - 111 - 111'),
(67, 40, 0, '2', '', 0, 0, 0, '', '2000', 14, 9, '( 08 ) 11 - 111 - 111'),
(68, 40, 0, '2', '', 0, 0, 0, '', '2000', 14, 9, '( 08 ) 11 - 111 - 111'),
(69, 40, 0, '2', '', 0, 0, 0, '', '2000', 14, 44, '( 01 ) 11 - 111 - 111'),
(70, 40, 0, '2', '', 1, 0, 0, '', '2000', 14, 44, '( 01 ) 11 - 111 - 111'),
(71, 40, 0, '3', '', 1, 24, 1, '', '2000', 14, 44, '( 01 ) 11 - 111 - 111'),
(72, 42, 1, '', '65__', 1, 18, 1, 'อยู่ไม่นิ่ง ชอบตบมือ', '1999', 14, 43, '( 08 ) 12 - 345 - 678'),
(73, 41, 1, '', '2566', 1, 8, 1, 'เคลื่อนไหวช้ามากๆๆๆ', '2519', 13, 45, '( 11 ) 11 - 111 - 111'),
(74, 39, 1, '', '2565', 71, 8, 1, 'อ่อนแรงชุดขวา', '2542', 14, 47, '( 06 ) 12 - 976 - 675'),
(76, 48, 1, '', '2565', 0, 0, 1, 'มีความพิการทางด้านร่างกาย', '2542', 14, 47, '( 09 ) 09 - 573 - 183'),
(77, 48, 1, '', '2565', 0, 0, 1, 'มีความพิการทางด้านร่างกาย', '2542', 14, 47, '( 09 ) 09 - 573 - 183'),
(78, 48, 1, '', '2565', 0, 0, 1, 'มีความพิการทางด้านร่างกาย', '2542', 14, 47, '( 09 ) 09 - 573 - 183'),
(79, 48, 1, '', '2565', 0, 0, 1, 'มีความพิการทางด้านร่างกาย', '2542', 14, 47, '( 09 ) 09 - 573 - 183'),
(80, 51, 1, '', '2022', 58, 8, 1, 'เดินไม่สะดวกและพูดไม่ชัด', '1996', 14, 47, '( 81 ) 44 - 030 - 41_'),
(81, 46, 1, '', '2566', 69, 2, 1, 'พิการหูตึงทั้ง 2 ข้าง (ใส่เครื่องช่วยฟังทั้ง 2 ข้าง)', '2542', 14, 47, '( 09 ) 32 - 206 - 679'),
(83, 48, 1, '', '2565', 0, 8, 1, 'นั่งวีลแชร์', '2542', 14, 47, '( 09 ) 09 - 573 - 183'),
(85, 48, 1, '', '2565', 0, 8, 1, 'นั่งวีลแชร์', '2542', 14, 47, '( 09 ) 09 - 573 - 183'),
(86, 38, 1, '', '2565', 51, 1, 1, '', '2542', 14, 47, '( 06 ) 36 - 262 - 993'),
(87, 48, 1, '', '2565', 0, 8, 1, 'นั่งวีลแชร์', '2542', 14, 47, '( 09 ) 09 - 573 - 183'),
(88, 48, 1, '', '2565', 0, 8, 1, 'นั่งวีลแชร์', '2542', 14, 47, '( 09 ) 09 - 573 - 183'),
(89, 48, 1, '', '2565', 0, 8, 1, 'นั่งวีลแชร์', '2542', 14, 47, '( 09 ) 09 - 573 - 183'),
(90, 52, 1, '', '2565', 63, 18, 1, 'เข้าใจยาก  พูดซ้ำๆ  พูดไม่รู้เรื่อง  พูดเสียงดัง  มักจะกังวลเวลาที่ต้องทำอะไรใหม่ๆ  มีข้อท้าทายในเรื่องการสื่อสารกับผู้อื่น', '1999', 14, 47, '( 08 ) 37 - 457 - 211'),
(91, 48, 1, '', '2565', 0, 8, 1, 'นั่งวีลแชร์', '2542', 14, 47, '( 09 ) 09 - 573 - 183'),
(92, 48, 1, '', '2565', 0, 8, 1, 'นั่งวีลแชร์', '2542', 14, 47, '( 09 ) 09 - 573 - 183'),
(93, 50, 1, '', '2560', 0, 1, 1, 'ตาบอดสนิททั้ง 2 ข้าง', '1994', 14, 47, '( 08 ) 33 - 814 - 471'),
(94, 48, 1, '', '2565', 60, 8, 1, 'นั่งวีลแชร์', '2542', 14, 47, '( 09 ) 09 - 573 - 183'),
(95, 50, 1, '', '2560', 0, 1, 1, 'ตาบอดสนิททั้ง 2 ข้าง', '1994', 14, 47, '( 08 ) 33 - 814 - 471'),
(96, 50, 1, '', '2560', 72, 1, 1, 'ตาบอดสนิททั้ง 2 ข้าง', '1994', 14, 47, '( 08 ) 33 - 814 - 471'),
(97, 49, 1, '', '2565', 66, 8, 1, '', '1999', 14, 47, '( 09 ) 86 - 305 - 979'),
(98, 54, 1, '', '2021', 60, 8, 1, '', '1999', 14, 47, '( 06 ) 24 - 394 - 766'),
(99, 38, 1, '', '2022', 51, 1, 1, '', '1999', 14, 47, '06-3626-2993'),
(100, 49, 1, '', '', 66, 8, 1, '', '1999', 14, 47, '09-8630-5979'),
(101, 48, 1, '', '2022', 0, 8, 1, '', '1999', 14, 47, '09-0957-3183'),
(102, 48, 1, '', '2022', 0, 8, 1, '', '1999', 14, 47, '09-0957-3183'),
(103, 54, 1, '', '2021', 58, 8, 1, '', '1999', 14, 47, '06-2439-4766'),
(104, 52, 1, '', '2022', 63, 18, 1, 'พูดซ้ำๆ  พูดเสียงดัง  พูดไม่รู้เรื่อง  มักจะกังวลเวลาต้องทำอะไรใหม่ๆ  เข้าใจยาก  อ่านสีหน้าและอารมณ์คนอื่นไม่ออก', '1999', 14, 47, '08-3745-7211'),
(105, 76, 1, '', '2000', 1, 1, 1, 'มองเห็นเลือนลาง', '1987', 6, 15, '06-2310-5283'),
(106, 73, 1, '', '2023', 73, 11, 1, 'เรียนรู้ช้ามาก', '1977', 12, 15, '06-2310-5283'),
(109, 79, 1, '', '2023', 9, 8, 1, 'เคลื่อนไหวช้ามาก', '1977', 12, 15, '06-2222-2222'),
(111, 79, 1, '', '2022', 82, 12, 1, 'พูดได้น้อยคำ', '1987', 12, 15, '06-2222-2222'),
(113, 81, 1, '', '2022', 82, 12, 1, 'พูดจากลำบาก', '1979', 12, 15, '06-2333-3333'),
(115, 82, 1, '', '2022', 10, 7, 1, 'เรียนรู้ช้ามากๆๆๆ', '1970', 12, 15, '06-2310-0000');

-- --------------------------------------------------------

--
-- Table structure for table `institute`
--

CREATE TABLE `institute` (
  `institute_id` int(11) NOT NULL,
  `institute_name` varchar(500) NOT NULL,
  `institute_address` varchar(1000) NOT NULL
) ENGINE=InnoDB DEFAULT CHARSET=utf8 COLLATE=utf8_general_ci;

--
-- Dumping data for table `institute`
--

INSERT INTO `institute` (`institute_id`, `institute_name`, `institute_address`) VALUES
(1, 'มหาวิทยาลัยแม่โจ้', 'ุ63 หมู่ 4 ต.หนองหาร อ.สันทราย จ.เชียงใหม่'),
(3, 'มหาวิทยาลัยเชียงใหม่', '239 ถนนห้วยแก้ว ต.สุเทพ อ.เมือง จ.เชียงใหม่ 50200'),
(5, 'มหาวิทยาลัยราชภัฏเชียงใหม่', '202 ถ.ช้างเผือก ต.ช้างเผือก อ.เมือง จ.เชียงใหม่ 50300'),
(6, 'มหาวิทยาลัยเทคโนโลยีราชมงคลล้านนา', '128 ถนนห้วยแก้ว อ.เมือง จ.เชียงใหม่ 50300'),
(10, 'มหาวิทยาลัยมหิดล', ''),
(11, 'มหาวิทยาลัยธรรมศาสตร์', ''),
(12, 'มหาวิทยาลัยแม่ฟ้าหลวง', ''),
(13, 'มหาวิทยาลัยราชภัฏเพชรบุรี', ''),
(14, 'มหาวิทยาลัยราชภัฏบุรีรัมย์', ''),
(15, 'มหาวิทยาลัยราชภัฏสุราษฏร์ธานี', ''),
(16, 'มหาวิทยาลัยราชภัฏพระนคร', ''),
(17, 'มหาวิทยาลัยราชภัฏมหาสารคาม', ''),
(18, 'มหาวิทยาลัยเทคโนโลยีราชมงคลศรีวิชัย', ''),
(19, 'วิทยาลัยเทคโนโลยีรัตนโกสินทร์', ''),
(21, 'มหาวิทยาลัยเกษตรศาสตร์', ''),
(22, 'มหาวิทยาลัยราชภัฏธนบุรี', ''),
(23, 'มหาวิทยาลัยบูรพา', ''),
(24, 'มหาวิทยาลัยเทคโนโลยีสุรนารี', ''),
(25, 'มหาวิทยาลัยพะเยา', ''),
(26, 'มหาวิทยาลัยกรุงเทพธนบุรี', ''),
(27, 'มหาวิทยาลัยขอนแก่น', ''),
(28, 'มหาวิทยาลัยราชภัฏพิบูลสงคราม ', ''),
(29, 'มหาวิทยาลัยศรีนครินทรวิโรฒ', ''),
(30, 'มหาวิทยาลัยสงขลานครินทร์ วิทยาเขตปัตตานี', ''),
(31, 'มหาวิทยาลัยสวนดุสิต', ''),
(32, 'วิทยาลัยอาชีวศึกษาคนตาบอดขอนแก่น', ''),
(33, 'มหาวิทยาลัยราชภัฎนครราชสีมา', '');

-- --------------------------------------------------------

--
-- Table structure for table `level`
--

CREATE TABLE `level` (
  `level_id` int(11) NOT NULL,
  `level_name` varchar(500) NOT NULL,
  `level_description` varchar(1000) NOT NULL,
  `weigth` int(11) NOT NULL
) ENGINE=InnoDB DEFAULT CHARSET=utf8 COLLATE=utf8_general_ci;

--
-- Dumping data for table `level`
--

INSERT INTO `level` (`level_id`, `level_name`, `level_description`, `weigth`) VALUES
(1, 'Must-Have', 'จำเป็นต้องมี', 3),
(2, 'Nice-to-Have', 'ควรจะมี', 2),
(3, 'Optional', 'ทางเลือก', 1);

-- --------------------------------------------------------

--
-- Table structure for table `member`
--

CREATE TABLE `member` (
  `member_id` int(11) NOT NULL,
  `full_name` varchar(500) DEFAULT NULL,
  `email` varchar(500) DEFAULT NULL,
  `password` varchar(45) DEFAULT NULL,
  `status` varchar(45) DEFAULT NULL,
  `created_by` int(11) NOT NULL,
  `is_verified` int(11) NOT NULL
) ENGINE=InnoDB DEFAULT CHARSET=utf8 COLLATE=utf8_general_ci;

--
-- Dumping data for table `member`
--

INSERT INTO `member` (`member_id`, `full_name`, `email`, `password`, `status`, `created_by`, `is_verified`) VALUES
(1, 'สมนึก สินธุปวน', 'somnuk@mju.ac.th', '1234', 'admin', 0, 1),
(9, 'สินี สินธุปวน', 'sinee@mju.ac.th', '1234', 'suser', 0, 1),
(11, 'กรุณา ตั้งศรีสุข', 'karunatss@gmail.com', 'Tss34499', 'admin', 0, 1),
(12, 'Chonticha Dasri', 'chonticha@sif.or.th', 'CD1996nk', 'admin', 0, 1),
(13, 'ณัฐวดี คงแก้ว', 'nat404@mju.ac.th', '12345', 'user', 0, 1),
(15, 'สิริ สินธุปวน', 'siri@mju.ac.th', '1234', 'suser', 0, 1),
(16, 'Sorasak Saefa', 'Sak2330@gmail.com', 'Nnueng1705', 'user', 0, 1),
(17, 'นายธนภัทร เลาหประเสริฐ', 'Thanapat.lao@gmail.com', 'qwq24130', 'admin', 0, 1),
(18, 'Icp', 'smartcareervote@gmail.com', 'Tss34499', 'user', 0, 1),
(19, 'วัฒนา ทองคำ', 'wattana1926@gmail.com', 'wattana1926', 'user', 0, 1),
(20, 'สมพร​ ระวี', 'somnuk@gmail.com', '1234', 'user', 0, 1),
(21, 'น้ำฝน ธนะกลม', 'Namfon.Tana@hotmail.com', '1525400', 'user', 0, 1),
(22, 'นางสาวจักรีวรรณ ศุภวุฒิ', 'Jakkreewan@sif.or.th', 'Farm2541', 'user', 0, 1),
(23, 'ซูลีฮะห์ เจ๊ะเต๊ะ', '5920410059@psu.ac.th', 'Soleehah.13959', 'user', 0, 1),
(24, 'หดกหกด', '1234567@gmail.com', '123456', 'user', 0, 1),
(25, 'sdfs', '1234@hotmail.com', '1234', 'user', 0, 1),
(26, 'ทดสอบระบบ', '1234@gmail.com', '1234', 'user', 0, 1),
(27, '123456789', '123456789@gmail.com', '1234', 'user', 0, 1),
(32, 'somnuk sinthupuan', 'somnuk.sin@gmail.com', '1234', 'user', 0, 1),
(34, 'สิรินทร์ สินธุปวน', 'sirin@mju.ac.th', '1234', 'user', 0, 1),
(35, 'ชลธิชา ดาศรี', 'chontichahwang@gmail.com', '192539', 'user', 0, 1),
(36, 'ผาแต้ม', 'chamikorn@sif.or.th', '1234', 'admin', 0, 1),
(37, 'พี่อ้อม', 'wipasiri@sif.or.th', '1234', 'admin', 0, 1),
(38, 'นภทีป์ ลิมปสนธิพงษ์', 'lnoppatee@gmail.com', 'meg01020306', 'user', 0, 1),
(39, 'ณภัทร  วิชัยดิษฐ์', 'dum9990@gmail.com', '0612976675', 'user', 0, 1),
(40, 'test113', 'test113@gmail.com', '1234', 'user', 0, 1),
(41, 'test112', 'test112@gmail.com', '1234', 'user', 0, 1),
(42, 'test 114', 'test114@gmail.com', '1234', 'user', 0, 1),
(43, 'soperuser3', 'superuser3@gmail.com', '1234', 'suser', 0, 1),
(44, 'sp113', 'sp113@gmail.com', '1234', 'suser', 0, 1),
(45, 'suser112', 'suser112@gmail.com', '1234', 'suser', 0, 1),
(46, 'วาสิตา นันตา', 'wasita_42@hotmail.com', 'Nim163042', 'user', 0, 1),
(47, 'ครูณา กรุณา ตั้งศรีสุข', 'smartcareercote@gmail.com', 'Tss34499', 'suser', 0, 0),
(48, 'ชื่นนภา เกิดฤทธิ์', 'milk.channapa@gmail.com', 'Miew1999', 'user', 0, 1),
(49, 'วิชัชชิกรณ์ เหลี่ยมพิมาย', 'wichat181042@gmail.com', '181042789123456', 'user', 0, 1),
(50, 'สุดารัตน์ สีบุ', 'sudaratseebu@gmail.com', 'give1234', 'user', 0, 1),
(51, 'ชนิสรา หน่ายมี', 'chanisaranai@gmail.com', 'bambam1234', 'user', 0, 1),
(52, 'ชญานิษฐ์  เถามณี', 'Chayanit.tmn@gmail.com', 'chayanit42', 'user', 0, 1),
(53, 'นักศึกษา กรุณา', 'karuna@gmail.com', 'Tss34499', 'user', 0, 0),
(54, 'ธนภัทร เลาหประเสริฐ', 'qwe24130@gmail.com', 'qwq24130', 'user', 0, 1),
(55, 'somnuek sinthupuan', 'somnuk.sin4@gmail.com', '1234', 'user', 0, 1),
(70, 'somnuk s', 'somnuk.sin3@gmail.com', '1234', 'user', 0, 0),
(71, 'จามิกรณ์ ตั้งเทียมพงษ์', 'phataemsr@gmail.com', 'Phataem2595', '', 0, 0),
(72, 'จามิกรณ์ ตั้งเทียมพงษ์', 'phatamsr@gmail.com', 'Phataem2595', 'user', 0, 0),
(73, 'test116-1', 'test116@gmail.com', '1234', 'user', 15, 1),
(76, 'test117', 'test117@gmail.com', '1234', 'user', 0, 1),
(78, 'สิรินทร์ สินธุปวน', 'sirin1@mju.ac.th', '1234', 'user', 0, 0),
(79, 'test118-13', 'test118@gmail.com', '1234', 'user', 15, 1),
(81, 'test119-2', 'test119@gmail.com', '1234', 'user', 0, 1),
(82, 'test120', 'test120@mju.ac.th', '1234', 'user', 15, 1);

-- --------------------------------------------------------

--
-- Table structure for table `notification`
--

CREATE TABLE `notification` (
  `notification_id` int(11) NOT NULL,
  `member_id` int(11) NOT NULL,
  `is_notification` int(11) NOT NULL,
  `message` varchar(500) NOT NULL,
  `notification_date` varchar(20) NOT NULL,
  `notification_type` varchar(20) NOT NULL
) ENGINE=InnoDB DEFAULT CHARSET=utf8 COLLATE=utf8_general_ci;

--
-- Dumping data for table `notification`
--

INSERT INTO `notification` (`notification_id`, `member_id`, `is_notification`, `message`, `notification_date`, `notification_type`) VALUES
(2, 41, 1, 'ทดสอบการแจ้งเตือนรายวัน', '15/03/2023', '1'),
(5, 40, 1, 'ทดสอบการแจ้งเตือนจากผู้ดูแลระบบ', '15/03/2023', '1'),
(6, 41, 1, 'ทดสอบการแจ้งเตือนจากผู้ดูแลระบบ', '15/03/2023', '1'),
(7, 40, 1, 'อัพเดท การคิดวิเคราะห์', '04/06/2023', '3'),
(8, 34, 1, 'ทดสอบการแจ้งเตือน', '2023/05/28', '1'),
(11, 79, 1, 'ทดสอบการแจ้งเตือน1', '2023/05/27', '1'),
(12, 79, 1, 'ทดสอบการแจ้งเตือน1', '2023/05/26', '1'),
(13, 79, 1, 'ทดสอบ1', '2023/05/26', '1'),
(14, 79, 1, 'ทด2', '2023/05/26', '1'),
(15, 15, 1, 'ทดสอบการแจ้งเตือนอีกครั้ง', '2023/05/29', '1'),
(16, 79, 1, 'ทดสอบอีกครั้ง ทดสอบอีกครั้ง', '2023/05/25', '1'),
(17, 79, 1, 'test1  test1', '2023/05/24', '1'),
(18, 34, 1, 'ทดสอบ ทดสอบนะ', '2023/05/27', '1'),
(19, 81, 1, 'ทดสอบ ทดสอบนะจะ๊1111', '2023/05/24', '1'),
(20, 82, 1, 'Test test test11111', '2023/05/25', '1');

-- --------------------------------------------------------

--
-- Table structure for table `perform`
--

CREATE TABLE `perform` (
  `perform_id` int(11) NOT NULL,
  `perform_name` varchar(1000) NOT NULL,
  `perform_value` int(11) NOT NULL
) ENGINE=InnoDB DEFAULT CHARSET=utf8 COLLATE=utf8_general_ci;

--
-- Dumping data for table `perform`
--

INSERT INTO `perform` (`perform_id`, `perform_name`, `perform_value`) VALUES
(1, '1.ได้รู้จักหรือมีทักษะนี้เพียงเล็กน้อยเท่านั้น', 1),
(2, '2.ได้เรียนทักษะนี้บ้างและพอทำได้ ถึงแม้จะน้อยกว่าคนทั่วไป', 2),
(3, '3.ได้มีประสบการณ์ในการใช้ทักษะนี้เป็นครั้งคราว และทำได้เทียบเท่ากับคนทั่วไป', 3),
(4, '4.ได้ใช้ทักษะนี้ประจําหรือในงานและทำได้ดีกว่าคนทั่วไป', 4),
(5, '5.ได้ถ่ายทอดทักษะนี้แก่ผู้อื่น หรือเป็นต้นแบบของทักษะนี้แก้ผู้อื่น\r\n', 5),
(6, '(Yes) มีใบประกาศ มีใบรับรอง ผ่านการฝึกประสบการณ์ ได้รับใบอนุญาติขับ/ขึ่', 3),
(7, '(No) ยังไม่มีใบประกาศ ยังไม่มีใบรับรอง ยังไม่ผ่านการฝึกประสบการณ์ ยังไม่ได้รับใบอนุญาติขับ/ขึ่', 1);

-- --------------------------------------------------------

--
-- Table structure for table `plan`
--

CREATE TABLE `plan` (
  `plan_id` int(11) NOT NULL,
  `qa_plan_career_id` int(11) DEFAULT NULL,
  `development_id` int(11) DEFAULT NULL,
  `plan_title` varchar(200) DEFAULT NULL,
  `plan_channel` varchar(200) DEFAULT NULL,
  `importance_id` int(11) NOT NULL,
  `frequency_id` int(11) DEFAULT NULL,
  `plan_start_date` varchar(45) DEFAULT NULL,
  `plan_end_date` varchar(45) DEFAULT NULL
) ENGINE=InnoDB DEFAULT CHARSET=utf8 COLLATE=utf8_general_ci;

--
-- Dumping data for table `plan`
--

INSERT INTO `plan` (`plan_id`, `qa_plan_career_id`, `development_id`, `plan_title`, `plan_channel`, `importance_id`, `frequency_id`, `plan_start_date`, `plan_end_date`) VALUES
(4, 7, 1, 'ทักษะการสนทนาภาษาอังกฤษ', 'online', 1, 1, '04-09-2022', '20-09-2022'),
(5, 11, 1, 'ทักษะการสนทนาภาษาอังกฤษ', 'online', 1, 3, '04-09-2022', '20-09-2022'),
(6, 12, 1, 'การศึกษาต่อ', 'มหาวิทยาลัยแม่โจ้', 2, 2, '04-09-2022', '30-09-2022'),
(7, 13, 2, 'ศึกษาด้วยตนเอง', 'YouTube', 1, 3, '04-09-2022', '30-09-2022'),
(10, 18, 1, 'การสนทนาภาษาอังกฤษ11111', 'online111', 1, 1, '07-09-2022', '30-09-2022'),
(11, 19, 1, 'การเขียนภาษาอังกฤษขั้นพื้นฐาน', 'สถาบัน AAA', 1, 2, '03-10-2022', ''),
(12, 22, 2, 'ขอช่วยงานอาจารย์ที่มหาวิทยาลัยเกี่ยวกับด้านคอมพิวเตอร์', 'อาจารย์ที่คณะ', 2, 3, '01-11-2022', ''),
(13, 23, 2, 'ส่งงานวิจัย', '', 1, 0, '01-12-2022', '31-03-2023'),
(14, 23, 2, 'ส่งงานวิจัย', 'อาจาร ที่ปรึกษา', 0, 0, '01-12-2022', '30-03-2023'),
(15, 0, 0, '', '', 0, 0, '', ''),
(20, 24, 1, 'ทักษะการเขียนโปรแกรม', 'Online', 1, 2, '21-09-2022', '30-09-2022'),
(21, 24, 2, 'ทักษะการออกแบบซอฟต์แวร์', 'สถาบันการศึกษา', 2, 3, '21-09-2022', '30-09-2022'),
(22, 25, 2, 'การฝึกการสนทนาภาษาอังกฤษ', 'สถาบันการศึกษา', 2, 3, '21-09-2022', '30-09-2022'),
(23, 25, 1, 'การฝึกกาฟังภาษาอังกฤษ', 'Online', 2, 3, '21-09-2022', '30-09-2022'),
(24, 26, 2, 'การวางแผนกลยุทธ์อย่างมืออาชีพ', 'Online', 2, 2, '21-09-2022', '30-09-2022'),
(25, 30, 1, 'การเขียนอีเมล์ธุรกิจขั้นต้น ประมาณ 3 ชั่วโมงต่อสัปดาห์', 'ที่สถาบัน abcd', 2, 2, '17-10-2022', '31-10-2023'),
(26, 26, 2, 'การวางแผนทางกลยุทธ์ขั้นสูง', 'สถาบันพัฒนากลยุทธ์', 2, 1, '03/10/2022', '31/10/2022'),
(27, 32, 1, 'การเขียน webassembly', 'online', 1, NULL, '2023/05/01', '2023/05/31'),
(28, 0, 2, 'ทดลองขายสินค้าประเภทหนังสือ', 'ออนไลน์', 2, NULL, '01/04/2023', '01/09/2023'),
(29, 33, 1, 'การเรียนรู้การสนทนาภาษาอังกฤษในสถานที่่ราชการ', 'ณสถานที่ราชการไทย', 2, NULL, '16/03/2023', '31/03/2023'),
(30, 34, 1, 'การแสดง', 'ครูเงาะ', 2, NULL, '21/03/2023', ''),
(31, 34, 2, 'การแสดง', 'ครูเงาะ', 2, NULL, '20/03/2023', ''),
(32, 36, 2, 'เข้่ workshop เกี่ยวกับการแสดง', 'ครูเงาะ', 2, NULL, '21/03/2023', ''),
(33, 70, 1, 'ทดสอบ1', 'ทดสอบ', 2, NULL, '2023/05/26', '2023/05/31'),
(34, 71, 1, 'ทดสอบการเรียนรู้', 'online', 2, NULL, '2023/05/27', '2023/05/31'),
(35, 72, 2, 'ทดสอบการฝึกปฏิบัติ', 'โรงพยาบาล', 3, NULL, '2023/05/27', '2023/05/31'),
(36, 67, 2, 'การทดสอบการฝึกปฏิบัติ', 'สถานที่จริง', 2, NULL, '2023/05/01', '2023/05/31'),
(39, 76, 1, 'ทดสอบการเรียนรู้มากๆ', 'ปฏิบัติ ณ บริษัท', 2, NULL, '2023/05/01', '2023/05/29'),
(41, 78, 1, 'การเรียนรู้ทดสอบ', 'online only', 2, NULL, '2023/05/01', '2023/05/31'),
(43, 74, 1, 'ทดสอบการเรียนรู้', 'ออนไซด์11111', 2, NULL, '2023/05/01', '2023/05/31'),
(46, 80, 1, 'การเรียนการเต้น', 'โรงละคร', 2, NULL, '2023/05/01', '2023/05/31'),
(48, 82, 1, 'ทดสอบการเรียนรู้', 'ออนไซด์11111', 2, NULL, '2023/05/01', '2023/05/31');

-- --------------------------------------------------------

--
-- Table structure for table `plan_career`
--

CREATE TABLE `plan_career` (
  `plan_career_id` int(11) NOT NULL,
  `member_id` int(11) DEFAULT NULL,
  `career_id` int(11) DEFAULT NULL,
  `start_date` varchar(20) NOT NULL,
  `end_date` varchar(20) NOT NULL
) ENGINE=InnoDB DEFAULT CHARSET=utf8 COLLATE=utf8_general_ci;

--
-- Dumping data for table `plan_career`
--

INSERT INTO `plan_career` (`plan_career_id`, `member_id`, `career_id`, `start_date`, `end_date`) VALUES
(25, 9, 1, '13-09-2022', ''),
(29, 9, 5, '27-09-2022', ''),
(30, 9, 12, '26-09-2022', ''),
(31, 11, 6, '30-09-2022', ''),
(32, 11, 5, '30-09-2022', ''),
(33, 11, 12, '01-10-2022', ''),
(34, 16, 0, '01-01-2023', ''),
(35, 16, 12, '06-10-2022', ''),
(36, 16, 0, '', ''),
(37, 34, 16, '2023/05/26', ''),
(38, 11, 0, '', ''),
(39, 11, 0, '', ''),
(46, 46, 25, '06/04/2023', ''),
(47, 39, 27, '06/04/2023', ''),
(48, 0, 28, '20/23/0406', ''),
(49, 40, 32, '', ''),
(50, 39, 30, '22/04/11__', ''),
(51, 54, 34, '20/23/0411', ''),
(52, 49, 38, '55/25/0101', ''),
(54, 0, 0, '__/__/____', ''),
(55, 0, 0, '__/__/____', ''),
(56, 48, 27, '20/23/0503', ''),
(58, 52, 37, '20/23/0503', ''),
(63, 38, 29, '20/23/0503', ''),
(65, 11, 16, '04/05/2023', ''),
(66, 40, 16, '20/23/0503', ''),
(67, 11, 16, '04/05/2023', ''),
(68, 11, 17, '04/05/2023', ''),
(69, 34, 22, '2023/05/26', ''),
(70, 73, 15, '2023/05/27', ''),
(72, 76, 17, '2023/05/27', ''),
(73, 73, 15, '2023/05/27', ''),
(75, 34, 67, '2023/05/29', ''),
(77, 79, 19, '2023/05/29', ''),
(78, 79, 33, '2023/05/30', ''),
(79, 81, 27, '2023/05/22', ''),
(80, 82, 36, '2023/05/30', '');

-- --------------------------------------------------------

--
-- Table structure for table `project`
--

CREATE TABLE `project` (
  `project_id` int(11) NOT NULL,
  `project_name` varchar(200) NOT NULL,
  `project_description` varchar(1000) NOT NULL
) ENGINE=InnoDB DEFAULT CHARSET=utf8 COLLATE=utf8_general_ci;

--
-- Dumping data for table `project`
--

INSERT INTO `project` (`project_id`, `project_name`, `project_description`) VALUES
(1, 'การพัฒนาความสามารถผู้พิการ', ''),
(2, 'ผู้พิการยุคใหม่', ''),
(5, 'เทคโนโลยีสำหรับผู้พิการ', ''),
(6, 'สารสนเทศสำหรับผู้พิการ', ''),
(12, 'DSS มาตรา 35 ปี 2566', ''),
(13, 'ทดสอบโครงการ สสส.', ''),
(14, 'IW Internship 2566', '');

-- --------------------------------------------------------

--
-- Table structure for table `qa_plan_career`
--

CREATE TABLE `qa_plan_career` (
  `qa_plan_career_id` int(11) NOT NULL,
  `plan_career_id` int(11) DEFAULT NULL,
  `qualification_id` int(11) DEFAULT NULL,
  `level_id` int(11) NOT NULL,
  `target_id` varchar(200) DEFAULT NULL
) ENGINE=InnoDB DEFAULT CHARSET=utf8 COLLATE=utf8_general_ci;

--
-- Dumping data for table `qa_plan_career`
--

INSERT INTO `qa_plan_career` (`qa_plan_career_id`, `plan_career_id`, `qualification_id`, `level_id`, `target_id`) VALUES
(12, 16, 1, 1, '4'),
(13, 16, 2, 2, '2'),
(18, 20, 2, 3, '2'),
(19, 21, 2, 2, '4'),
(20, 21, 0, 1, '3'),
(21, 21, 0, 1, '3'),
(22, 21, 1, 3, '3'),
(23, 22, 1, 1, '6'),
(24, 25, 1, 1, '5'),
(25, 25, 2, 3, '2'),
(26, 30, 14, 2, '4'),
(27, 31, 1, 1, '6'),
(28, 31, 14, 2, '4'),
(29, 32, 13, 1, '4'),
(30, 33, 2, 3, '4'),
(31, 0, 0, 2, '6'),
(32, 37, 1, 2, '3'),
(33, 43, 17, 2, '4'),
(35, 44, 18, 1, '1'),
(36, 40, 19, 1, '3'),
(37, 47, 17, 1, '4'),
(38, 47, 17, 1, '4'),
(39, 47, 18, 1, '4'),
(40, 47, 18, 1, '4'),
(42, 51, 17, 1, '4'),
(43, 58, 17, 1, '4'),
(44, 56, 20, 2, '4'),
(45, 56, 18, 1, '4'),
(46, 63, 18, 2, '4'),
(47, 63, 17, 3, '3'),
(48, 56, 22, 1, '4'),
(49, 56, 24, 1, '4'),
(50, 52, 23, 2, '4'),
(52, 52, 23, 2, '4'),
(54, 52, 23, 2, '4'),
(56, 52, 23, 2, '4'),
(58, 52, 23, 2, '4'),
(59, 52, 23, 2, '4'),
(60, 58, 23, 1, '3'),
(61, 63, 23, 1, '4'),
(62, 63, 25, 1, '4'),
(63, 63, 24, 2, '3'),
(64, 58, 22, 3, '2'),
(65, 64, 17, 2, '4'),
(66, 65, 23, 1, '4'),
(67, 66, 23, 1, '4'),
(68, 68, 19, 1, '4'),
(70, 69, 17, 2, '5'),
(71, 70, 17, 2, '4'),
(72, 72, 18, 1, '4'),
(74, 75, 17, 2, '4'),
(76, 77, 21, 2, '4'),
(77, 78, 17, 3, '3'),
(78, 78, 18, 1, '3'),
(80, 79, 32, 1, '5'),
(82, 80, 19, 3, '3');

-- --------------------------------------------------------

--
-- Table structure for table `qualification`
--

CREATE TABLE `qualification` (
  `qualification_id` int(11) NOT NULL,
  `member_id` int(11) DEFAULT NULL,
  `qualification_name` varchar(500) DEFAULT NULL,
  `qualification_group_id` int(11) NOT NULL
) ENGINE=InnoDB DEFAULT CHARSET=utf8 COLLATE=utf8_general_ci;

--
-- Dumping data for table `qualification`
--

INSERT INTO `qualification` (`qualification_id`, `member_id`, `qualification_name`, `qualification_group_id`) VALUES
(1, 1, 'ปริญญาตรีสาขาวิชาวิทยาการคอมพิวเตอร์', 0),
(2, 1, 'ทักษาะภาษาอังกฤษ', 0),
(3, 1, 'ปริญญาตรีสาขาวิชาวิทยาการคอมพิวเตอร์', 0),
(12, 10, 'ปริญญาตรีการบัญชี', 0),
(13, 11, 'การขาย', 0),
(14, 9, 'การวางแผนกลยุทธ์', 0),
(15, 16, 'การเลี้ยงปลาไหล', 0),
(16, NULL, 'ทักษะการเขียนโปรแกรมขั้นสูง', 2),
(17, NULL, 'สื่อสารภาษาอังกฤษขั้นเทพ', 3),
(18, NULL, 'การคิดรอบด้าน', 4),
(19, NULL, 'การแสดง', 1),
(20, NULL, 'HR ', 1),
(21, NULL, 'แอดมิน', 6),
(22, NULL, 'คอมพิวเตอร์', 6),
(23, NULL, 'การวิเคราะห์', 4),
(24, NULL, 'ทำงานร่วมกับผู้อื่น', 5),
(25, NULL, 'Marketing ', 7),
(26, NULL, 'ทักษะการประสานงาน', 0),
(27, NULL, 'ความรู้ทั่วไปเรื่องชุมชน.', 0),
(28, NULL, 'ทักษะการใช้คอมพิวเตอร์.', 0),
(29, NULL, 'ทักษะการใช้คอมพิวเตอร์.', 0),
(30, NULL, 'ทักษะการใช้คอมพิวเตอร์.', 1),
(32, NULL, 'การแสดงละคร1', 1),
(33, NULL, 'ทักษะการเขียนโปรแกรมขั้นต้น1', 2);

-- --------------------------------------------------------

--
-- Table structure for table `qualification_group`
--

CREATE TABLE `qualification_group` (
  `qualification_group_id` int(11) NOT NULL,
  `qualification_group_name` varchar(200) NOT NULL,
  `qualification_group_description` varchar(200) NOT NULL
) ENGINE=InnoDB DEFAULT CHARSET=utf8 COLLATE=utf8_general_ci;

--
-- Dumping data for table `qualification_group`
--

INSERT INTO `qualification_group` (`qualification_group_id`, `qualification_group_name`, `qualification_group_description`) VALUES
(1, 'Others อื่นๆ', ''),
(2, 'Technical Skill', ''),
(3, 'Communication Skill', ''),
(4, 'Thinking skill : การคิด', ''),
(5, 'Interpersonal /Cooperation/ Teamwork : การทำงานร่วมกับผู้อื่น', ''),
(6, 'Technology/Computer/Microsoft office : เทคโนโลยีและคอมพิวเตอร์', ''),
(7, 'Business/Commercial /Investment : ธุรกิจ การค้า การลงทุน', ''),
(8, 'Management/ Leadership  :  การจัดการ ภาวะผู้นำ', ''),
(9, 'Languages skills  ภาษาต่างๆ', '');

-- --------------------------------------------------------

--
-- Table structure for table `reference`
--

CREATE TABLE `reference` (
  `reference_id` int(11) NOT NULL,
  `self_assessment_id` int(11) NOT NULL,
  `reference_description` varchar(2000) NOT NULL
) ENGINE=InnoDB DEFAULT CHARSET=utf8 COLLATE=utf8_general_ci;

--
-- Dumping data for table `reference`
--

INSERT INTO `reference` (`reference_id`, `self_assessment_id`, `reference_description`) VALUES
(2, 22, 'www.google.com'),
(3, 22, 'www.yahoo.com'),
(4, 22, 'www.facebook.com'),
(5, 27, 'www.google.com'),
(6, 27, 'www.yahoo.com'),
(7, 36, 'youtube links'),
(8, 37, 'ฝึกพูดที่ USA'),
(9, 39, 'www.google.com'),
(10, 39, 'www.youtube.com'),
(11, 40, 'www.google.com'),
(12, 40, 'www.youtube.com'),
(13, 40, 'www.facebook.com'),
(14, 41, 'www.youtube.com'),
(15, 42, 'www.googl.com'),
(16, 49, 'ทดสอบการอ้างอิง1'),
(17, 49, 'ทกสอบการอ้างอิง2'),
(18, 50, 'ทดสอบการอ้างอิง1'),
(26, 53, 'ทดสอบ1'),
(27, 53, 'ทดสอบ2'),
(28, 0, 'ทดสอบ1'),
(29, 0, 'ทดสอบ2'),
(32, 55, 'ทดสอบ3'),
(33, 55, 'ทดสอบ4'),
(34, 56, 'ทดสอบ1'),
(38, 58, 'ทดสอบ1'),
(39, 58, 'ทดสอบ2'),
(42, 60, 'ทดสอบ2'),
(43, 60, 'ทดสอบ3'),
(47, 64, 'ทดสอบทดสอบ'),
(50, 67, 'test1'),
(51, 67, 'test2'),
(52, 75, 'ทดสอบการเพิ่มแหล่งอ้างอิง'),
(53, 74, 'ทดสอบ1'),
(54, 62, 'ทดสอบการอ้างอิง3'),
(55, 76, 'ทดสอบ ทดสอบ'),
(56, 77, 'ทดสอบการเพิ่มข้อมูล');

-- --------------------------------------------------------

--
-- Table structure for table `self_assessment`
--

CREATE TABLE `self_assessment` (
  `self_assessment_id` int(11) NOT NULL,
  `self_assessment_date` varchar(45) DEFAULT NULL,
  `qa_plan_career_id` int(11) DEFAULT NULL,
  `perform_id` int(11) NOT NULL
) ENGINE=InnoDB DEFAULT CHARSET=utf8 COLLATE=utf8_general_ci;

--
-- Dumping data for table `self_assessment`
--

INSERT INTO `self_assessment` (`self_assessment_id`, `self_assessment_date`, `qa_plan_career_id`, `perform_id`) VALUES
(8, '2022/09/04', 7, 4),
(9, '2022/09/21', 8, 3),
(10, '2022/09/21', 11, 3),
(11, '2022/09/07', 13, 5),
(12, '2022/09/19', 12, 3),
(15, '2022/09/07', 18, 4),
(16, '2022/09/26', 19, 2),
(17, '2022/09/27', 19, 3),
(18, '2022/09/04', 24, 2),
(19, '2022/09/04', 25, 3),
(20, '2022/09/19', 24, 3),
(21, '2022/09/19', 25, 5),
(22, '2022/09/19', 26, 2),
(23, '2022/09/30', 28, 1),
(24, '2022/10/31', 28, 3),
(25, '2022/10/01', 30, 2),
(26, '2022/10/11', 24, 4),
(27, '2022/12/27', 32, 4),
(28, '2022/12/27', 28, 4),
(29, '2023/03/16', 27, 6),
(30, '2023/03/16', 27, 6),
(31, '2023/03/16', 27, 6),
(32, '2023/03/16', 30, 4),
(33, '2023/03/16', 30, 4),
(34, '2023/03/16', 30, 4),
(35, '2023/03/17', 34, 2),
(36, '2023/03/16', 36, 2),
(37, '2023/03/16', 33, 4),
(38, '2023/03/18', 36, 3),
(39, '2023/03/17', 33, 3),
(40, '2023/03/17', 33, 4),
(41, '2023/03/23', 33, 4),
(42, '2023/03/23', 32, 5),
(43, '2023/04/05', 30, 4),
(44, '2023/05/06', 66, 2),
(45, '2023/05/04', 66, 2),
(47, '2023/05/04', 68, 1),
(48, '2023/05/04', 68, 1),
(49, '2023/05/26', 0, 4),
(50, '2023/05/26', 0, 4),
(52, '2023/05/27', 67, 4),
(53, '2023/05/29', 71, 5),
(55, '2023/05/29', 74, 3),
(56, '2023/05/29', 76, 3),
(58, '2023/05/30', 78, 3),
(62, '2023/05/30', 70, 3),
(64, '2023/05/30', 80, 3),
(65, '2023/05/01', 82, 4),
(66, '2023/05/01', 82, 4),
(67, '2023/05/01', 82, 4),
(68, '2023/05/31', 74, 4),
(69, '2023/05/31', 74, 4),
(70, '2023/05/31', 80, 4),
(71, '2023/05/31', 74, 3),
(72, '2023/05/31', 74, 5),
(73, '2023/05/31', 74, 2),
(74, '2023/05/31', 70, 2),
(75, '2023/06/01', 70, 3),
(76, '2023/06/01', 80, 3),
(77, '2023/06/01', 80, 3);

-- --------------------------------------------------------

--
-- Table structure for table `target`
--

CREATE TABLE `target` (
  `target_id` int(11) NOT NULL,
  `target_name` varchar(1000) NOT NULL,
  `target_value` int(11) NOT NULL,
  `target_description` varchar(2000) NOT NULL
) ENGINE=InnoDB DEFAULT CHARSET=utf8 COLLATE=utf8_general_ci;

--
-- Dumping data for table `target`
--

INSERT INTO `target` (`target_id`, `target_name`, `target_value`, `target_description`) VALUES
(1, '1.ต้องการรู้จักหรือมีทักษะนี้เพียงเล็กน้อยเท่านั้น', 1, 'ต้องการรู้จักหรือมีทักษะนี้เพียงเล็กน้อยเท่านั้น เพราะกลัว กังวล และไม่ชอบ'),
(2, '2.ต้องการเรียนทักษะนี้บ้างเพื่อให้พอทำได้ ถึงแม้จะน้อยกว่าคนทั่วไป', 2, 'ต้องการเรียนทักษะนี้บ้างเพื่อให้พอทำได้ แต่น้อยกว่าคนทั่วไป\r\n'),
(3, '3.ต้องการมีประสบการณ์ในการใช้ทักษะนี้เป็นครั้งคราว หรือทำได้เทียบเท่ากับคนทั่วไป', 3, 'ต้องการมีประสบการณ์ในการใช้ทักษะนี้เป็นครั้งคราว เท่ากับค่าเฉลี่ยของคนทั่วไป '),
(4, '4.ต้องการใช้ทักษะนี้ประจําหรือในงานและทำได้ดีกว่าคนทั่วไป', 4, 'ต้องการใช้ทักษะนี้ประจําหรือในงาน ทำได้ดีกว่าค่าเฉลี่ยคนทั่วไป'),
(5, '5.ต้องการเป็นผู้ที่สามารถถ่ายทอดทักษะนี้แก่ผู้อื่นได้ หรือเป็นต้นแบบของทักษะนี้แก้ผู้อื่นได้', 5, 'ต้องการเป็นผู้ที่สามารถถ่ายทอดทักษะนี้แก่ผู้อื่นได้ หรือเป็นต้นแบบของทักษะนี้แก้ผู้อื่นได้'),
(6, '(Yes) มีใบประกาศ มีใบรับรอง ผ่านการฝึกประสบการณ์ ได้รับใบอนุญาติขับ/ขึ่', 3, 'กรณีที่เป็นการได้รับใบรับรอง(Certificate), ประสบการณ์ทำงาน ฝึกงาน ,คุณสมบัติหรือความสามารถเฉพาะอื่นๆ ที่ไม่ใช่การให้คะแนน');

-- --------------------------------------------------------

--
-- Table structure for table `warning`
--

CREATE TABLE `warning` (
  `warning_id` int(11) NOT NULL,
  `sign_in_date` text NOT NULL,
  `plan_id` int(11) NOT NULL,
  `warning_date` text NOT NULL
) ENGINE=InnoDB DEFAULT CHARSET=utf8 COLLATE=utf8_general_ci;

--
-- Indexes for dumped tables
--

--
-- Indexes for table `advisor`
--
ALTER TABLE `advisor`
  ADD PRIMARY KEY (`advisor_id`);

--
-- Indexes for table `career`
--
ALTER TABLE `career`
  ADD PRIMARY KEY (`career_id`);

--
-- Indexes for table `career_group`
--
ALTER TABLE `career_group`
  ADD PRIMARY KEY (`career_group_id`);

--
-- Indexes for table `degree`
--
ALTER TABLE `degree`
  ADD PRIMARY KEY (`degree_id`);

--
-- Indexes for table `department`
--
ALTER TABLE `department`
  ADD PRIMARY KEY (`department_id`);

--
-- Indexes for table `development`
--
ALTER TABLE `development`
  ADD PRIMARY KEY (`development_id`);

--
-- Indexes for table `disability`
--
ALTER TABLE `disability`
  ADD PRIMARY KEY (`disability_id`);

--
-- Indexes for table `faculty`
--
ALTER TABLE `faculty`
  ADD PRIMARY KEY (`faculty_id`);

--
-- Indexes for table `frequency`
--
ALTER TABLE `frequency`
  ADD PRIMARY KEY (`frequency_id`);

--
-- Indexes for table `importance`
--
ALTER TABLE `importance`
  ADD PRIMARY KEY (`importance_id`);

--
-- Indexes for table `individual`
--
ALTER TABLE `individual`
  ADD PRIMARY KEY (`individual_id`),
  ADD UNIQUE KEY `idindividual_id_UNIQUE` (`individual_id`);

--
-- Indexes for table `institute`
--
ALTER TABLE `institute`
  ADD PRIMARY KEY (`institute_id`);

--
-- Indexes for table `level`
--
ALTER TABLE `level`
  ADD PRIMARY KEY (`level_id`);

--
-- Indexes for table `member`
--
ALTER TABLE `member`
  ADD PRIMARY KEY (`member_id`),
  ADD UNIQUE KEY `member_id_UNIQUE` (`member_id`);

--
-- Indexes for table `notification`
--
ALTER TABLE `notification`
  ADD PRIMARY KEY (`notification_id`);

--
-- Indexes for table `perform`
--
ALTER TABLE `perform`
  ADD PRIMARY KEY (`perform_id`);

--
-- Indexes for table `plan`
--
ALTER TABLE `plan`
  ADD PRIMARY KEY (`plan_id`);

--
-- Indexes for table `plan_career`
--
ALTER TABLE `plan_career`
  ADD PRIMARY KEY (`plan_career_id`);

--
-- Indexes for table `project`
--
ALTER TABLE `project`
  ADD PRIMARY KEY (`project_id`);

--
-- Indexes for table `qa_plan_career`
--
ALTER TABLE `qa_plan_career`
  ADD PRIMARY KEY (`qa_plan_career_id`);

--
-- Indexes for table `qualification`
--
ALTER TABLE `qualification`
  ADD PRIMARY KEY (`qualification_id`);

--
-- Indexes for table `qualification_group`
--
ALTER TABLE `qualification_group`
  ADD PRIMARY KEY (`qualification_group_id`);

--
-- Indexes for table `reference`
--
ALTER TABLE `reference`
  ADD PRIMARY KEY (`reference_id`);

--
-- Indexes for table `self_assessment`
--
ALTER TABLE `self_assessment`
  ADD PRIMARY KEY (`self_assessment_id`);

--
-- Indexes for table `target`
--
ALTER TABLE `target`
  ADD PRIMARY KEY (`target_id`);

--
-- AUTO_INCREMENT for dumped tables
--

--
-- AUTO_INCREMENT for table `advisor`
--
ALTER TABLE `advisor`
  MODIFY `advisor_id` int(11) NOT NULL AUTO_INCREMENT, AUTO_INCREMENT=4;

--
-- AUTO_INCREMENT for table `career`
--
ALTER TABLE `career`
  MODIFY `career_id` int(11) NOT NULL AUTO_INCREMENT, AUTO_INCREMENT=74;

--
-- AUTO_INCREMENT for table `career_group`
--
ALTER TABLE `career_group`
  MODIFY `career_group_id` int(11) NOT NULL AUTO_INCREMENT, AUTO_INCREMENT=15;

--
-- AUTO_INCREMENT for table `degree`
--
ALTER TABLE `degree`
  MODIFY `degree_id` int(11) NOT NULL AUTO_INCREMENT, AUTO_INCREMENT=61;

--
-- AUTO_INCREMENT for table `department`
--
ALTER TABLE `department`
  MODIFY `department_id` int(11) NOT NULL AUTO_INCREMENT, AUTO_INCREMENT=99;

--
-- AUTO_INCREMENT for table `development`
--
ALTER TABLE `development`
  MODIFY `development_id` int(11) NOT NULL AUTO_INCREMENT, AUTO_INCREMENT=5;

--
-- AUTO_INCREMENT for table `disability`
--
ALTER TABLE `disability`
  MODIFY `disability_id` int(11) NOT NULL AUTO_INCREMENT, AUTO_INCREMENT=26;

--
-- AUTO_INCREMENT for table `faculty`
--
ALTER TABLE `faculty`
  MODIFY `faculty_id` int(11) NOT NULL AUTO_INCREMENT, AUTO_INCREMENT=62;

--
-- AUTO_INCREMENT for table `frequency`
--
ALTER TABLE `frequency`
  MODIFY `frequency_id` int(11) NOT NULL AUTO_INCREMENT, AUTO_INCREMENT=6;

--
-- AUTO_INCREMENT for table `importance`
--
ALTER TABLE `importance`
  MODIFY `importance_id` int(11) NOT NULL AUTO_INCREMENT, AUTO_INCREMENT=7;

--
-- AUTO_INCREMENT for table `individual`
--
ALTER TABLE `individual`
  MODIFY `individual_id` int(11) NOT NULL AUTO_INCREMENT, AUTO_INCREMENT=116;

--
-- AUTO_INCREMENT for table `institute`
--
ALTER TABLE `institute`
  MODIFY `institute_id` int(11) NOT NULL AUTO_INCREMENT, AUTO_INCREMENT=34;

--
-- AUTO_INCREMENT for table `level`
--
ALTER TABLE `level`
  MODIFY `level_id` int(11) NOT NULL AUTO_INCREMENT, AUTO_INCREMENT=7;

--
-- AUTO_INCREMENT for table `member`
--
ALTER TABLE `member`
  MODIFY `member_id` int(11) NOT NULL AUTO_INCREMENT, AUTO_INCREMENT=83;

--
-- AUTO_INCREMENT for table `notification`
--
ALTER TABLE `notification`
  MODIFY `notification_id` int(11) NOT NULL AUTO_INCREMENT, AUTO_INCREMENT=21;

--
-- AUTO_INCREMENT for table `perform`
--
ALTER TABLE `perform`
  MODIFY `perform_id` int(11) NOT NULL AUTO_INCREMENT, AUTO_INCREMENT=11;

--
-- AUTO_INCREMENT for table `plan`
--
ALTER TABLE `plan`
  MODIFY `plan_id` int(11) NOT NULL AUTO_INCREMENT, AUTO_INCREMENT=49;

--
-- AUTO_INCREMENT for table `plan_career`
--
ALTER TABLE `plan_career`
  MODIFY `plan_career_id` int(11) NOT NULL AUTO_INCREMENT, AUTO_INCREMENT=83;

--
-- AUTO_INCREMENT for table `project`
--
ALTER TABLE `project`
  MODIFY `project_id` int(11) NOT NULL AUTO_INCREMENT, AUTO_INCREMENT=16;

--
-- AUTO_INCREMENT for table `qa_plan_career`
--
ALTER TABLE `qa_plan_career`
  MODIFY `qa_plan_career_id` int(11) NOT NULL AUTO_INCREMENT, AUTO_INCREMENT=83;

--
-- AUTO_INCREMENT for table `qualification`
--
ALTER TABLE `qualification`
  MODIFY `qualification_id` int(11) NOT NULL AUTO_INCREMENT, AUTO_INCREMENT=34;

--
-- AUTO_INCREMENT for table `qualification_group`
--
ALTER TABLE `qualification_group`
  MODIFY `qualification_group_id` int(11) NOT NULL AUTO_INCREMENT, AUTO_INCREMENT=11;

--
-- AUTO_INCREMENT for table `reference`
--
ALTER TABLE `reference`
  MODIFY `reference_id` int(11) NOT NULL AUTO_INCREMENT, AUTO_INCREMENT=57;

--
-- AUTO_INCREMENT for table `self_assessment`
--
ALTER TABLE `self_assessment`
  MODIFY `self_assessment_id` int(11) NOT NULL AUTO_INCREMENT, AUTO_INCREMENT=78;

--
-- AUTO_INCREMENT for table `target`
--
ALTER TABLE `target`
  MODIFY `target_id` int(11) NOT NULL AUTO_INCREMENT, AUTO_INCREMENT=11;
COMMIT;

/*!40101 SET CHARACTER_SET_CLIENT=@OLD_CHARACTER_SET_CLIENT */;
/*!40101 SET CHARACTER_SET_RESULTS=@OLD_CHARACTER_SET_RESULTS */;
/*!40101 SET COLLATION_CONNECTION=@OLD_COLLATION_CONNECTION */;
